epoch,time,train/box_loss,train/cls_loss,train/dfl_loss,metrics/precision(B),metrics/recall(B),metrics/mAP50(B),metrics/mAP50-95(B),val/box_loss,val/cls_loss,val/dfl_loss,lr/pg0,lr/pg1,lr/pg2
1,5.62995,0,134.41,0,0,0,0,0,0,61.6219,0,0.00027151,0.00027151,0.00027151
2,11.2374,0,118.19,0,0,0,0,0,0,62.15,0,0.000551793,0.000551793,0.000551793
3,16.671,0,103.329,0,0,0,0,0,0,58.075,0,0.000826416,0.000826416,0.000826416
4,22.0119,0,92.4451,0,0,0,0,0,0,58.4438,0,0.00109538,0.00109538,0.00109538
5,27.3836,0,83.1409,0,0,0,0,0,0,53.2437,0,0.00135869,0.00135869,0.00135869
6,32.7931,0,74.9203,0,0,0,0,0,0,57.9188,0,0.00135826,0.00135826,0.00135826
7,38.2115,0,69.1271,0,0,0,0,0,0,50.2812,0,0.00134412,0.00134412,0.00134412
